1.0,Liam 
2.0,Noah 
3.0,William 
4.0,James 
5.0,Oliver 
6.0,Benjamin 
7.0,Elijah 
8.0,Lucas 
9.0,Mason 
10.0,Logan 
11.0,Alexander 
12.0,Ethan 
13.0,Jacob 
14.0,Michael 
15.0,Daniel 
16.0,Henry 
17.0,Jackson 
18.0,Sebastian 
19.0,Aiden 
20.0,Matthew 
21.0,Samuel 
22.0,David 
23.0,Joseph 
24.0,Carter 
25.0,Owen 
26.0,Wyatt 
27.0,John 
28.0,Jack 
29.0,Luke 
30.0,Jayden 
31.0,Dylan 
32.0,Grayson 
33.0,Levi 
34.0,Isaac 
35.0,Gabriel 
36.0,Julian 
37.0,Mateo 
38.0,Anthony 
39.0,Jaxon 
40.0,Lincoln 
41.0,Joshua 
42.0,Christopher 
43.0,Andrew 
44.0,Theodore 
45.0,Caleb 
46.0,Ryan 
47.0,Asher 
48.0,Nathan 
49.0,Thomas 
50.0,Leo 
51.0,Isaiah 
52.0,Charles 
53.0,Josiah 
54.0,Hudson 
55.0,Christian 
56.0,Hunter 
57.0,Connor 
58.0,Eli 
59.0,Ezra 
60.0,Aaron 
61.0,Landon 
62.0,Adrian 
63.0,Jonathan 
64.0,Nolan 
65.0,Jeremiah 
66.0,Easton 
67.0,Elias 
68.0,Colton 
69.0,Cameron 
70.0,Carson 
71.0,Robert 
72.0,Angel 
73.0,Maverick 
74.0,Nicholas 
75.0,Dominic 
76.0,Jaxson 
77.0,Greyson 
78.0,Adam 
79.0,Ian 
80.0,Austin 
81.0,Santiago 
82.0,Jordan 
83.0,Cooper 
84.0,Brayden 
85.0,Roman 
86.0,Evan 
87.0,Ezekiel 
88.0,Xavier 
89.0,Jose 
90.0,Jace 
91.0,Jameson 
92.0,Leonardo 
93.0,Bryson 
94.0,Axel 
95.0,Everett 
96.0,Parker 
97.0,Kayden 
98.0,Miles 
99.0,Sawyer 
100.0,Jason 
101.0,Declan 
102.0,Weston 
103.0,Micah 
104.0,Ayden 
105.0,Wesley 
106.0,Luca 
107.0,Vincent 
108.0,Damian 
109.0,Zachary 
110.0,Silas 
111.0,Gavin 
112.0,Chase 
113.0,Kai 
114.0,Emmett 
115.0,Harrison 
116.0,Nathaniel 
117.0,Kingston 
118.0,Cole 
119.0,Tyler 
120.0,Bennett 
121.0,Bentley 
122.0,Ryker 
123.0,Tristan 
124.0,Brandon 
125.0,Kevin 
126.0,Luis 
127.0,George 
128.0,Ashton 
129.0,Rowan 
130.0,Braxton 
131.0,Ryder 
132.0,Gael 
133.0,Ivan 
134.0,Diego 
135.0,Maxwell 
136.0,Max 
137.0,Carlos 
138.0,Kaiden 
139.0,Juan 
140.0,Maddox 
141.0,Justin 
142.0,Waylon 
143.0,Calvin 
144.0,Giovanni 
145.0,Jonah 
146.0,Abel 
147.0,Jayce 
148.0,Jesus 
1.0,Amir 
2.0,King 
3.0,Beau 
4.0,Camden 
5.0,Alex 
6.0,Jasper 
7.0,Malachi 
8.0,Brody 
9.0,Jude 
10.0,Blake 
11.0,Emmanuel 
12.0,Eric 
13.0,Brooks 
14.0,Elliot 
15.0,Antonio 
16.0,Abraham 
17.0,Timothy 
18.0,Finn 
19.0,Rhett 
20.0,Elliott 
21.0,Edward 
22.0,August 
23.0,Xander 
24.0,Alan 
25.0,Dean 
26.0,Lorenzo 
27.0,Bryce 
28.0,Karter 
29.0,Victor 
30.0,Milo 
31.0,Miguel 
32.0,Hayden 
33.0,Graham 
34.0,Grant 
35.0,Zion 
36.0,Tucker 
37.0,Jesse 
38.0,Zayden 
39.0,Joel 
40.0,Richard 
41.0,Patrick 
42.0,Emiliano 
43.0,Avery 
44.0,Nicolas 
45.0,Brantley 
46.0,Dawson 
47.0,Myles 
48.0,Matteo 
49.0,River 
50.0,Steven 
51.0,Thiago 
52.0,Zane 
53.0,Matias 
54.0,Judah 
55.0,Messiah 
56.0,Jeremy 
57.0,Preston 
58.0,Oscar 
59.0,Kaleb 
60.0,Alejandro 
61.0,Marcus 
62.0,Mark 
63.0,Peter 
64.0,Maximus 
65.0,Barrett 
66.0,Jax 
67.0,Andres 
68.0,Holden 
69.0,Legend 
70.0,Charlie 
71.0,Knox 
72.0,Kaden 
73.0,Paxton 
74.0,Kyrie 
75.0,Kyle 
76.0,Griffin 
77.0,Josue 
78.0,Kenneth 
79.0,Beckett 
80.0,Enzo 
81.0,Adriel 
82.0,Arthur 
83.0,Felix 
84.0,Bryan 
85.0,Lukas 
86.0,Paul 
87.0,Brian 
88.0,Colt 
89.0,Caden 
90.0,Leon 
91.0,Archer 
92.0,Omar 
93.0,Israel 
94.0,Aidan 
95.0,Theo 
96.0,Javier 
97.0,Remington 
98.0,Jaden 
99.0,Bradley 
100.0,Emilio 
101.0,Colin 
102.0,Riley 
103.0,Cayden 
104.0,Phoenix 
105.0,Clayton 
106.0,Simon 
107.0,Ace 
108.0,Nash 
109.0,Derek 
110.0,Rafael 
111.0,Zander 
112.0,Brady 
113.0,Jorge 
114.0,Jake 
115.0,Louis 
116.0,Damien 
117.0,Karson 
118.0,Walker 
119.0,Maximiliano 
120.0,Amari 
121.0,Sean 
122.0,Chance 
123.0,Walter 
124.0,Martin 
125.0,Finley 
126.0,Andre 
127.0,Tobias 
128.0,Cash 
129.0,Corbin 
130.0,Arlo 
131.0,Iker 
132.0,Erick 
133.0,Emerson 
134.0,Gunner 
135.0,Cody 
136.0,Stephen 
137.0,Francisco 
138.0,Killian 
139.0,Dallas 
140.0,Reid 
141.0,Manuel 
142.0,Lane 
143.0,Atlas 
144.0,Rylan 
145.0,Jensen 
146.0,Ronan 
147.0,Beckham 
148.0,Daxton 
149.0,Anderson 
150.0,Kameron 
151.0,Raymond 
1.0,Orion 
2.0,Cristian 
3.0,Tanner 
4.0,Kyler 
5.0,Jett 
6.0,Cohen 
7.0,Ricardo 
8.0,Spencer 
9.0,Gideon 
10.0,Ali 
11.0,Fernando 
12.0,Jaiden 
13.0,Titus 
14.0,Travis 
15.0,Bodhi 
16.0,Eduardo 
17.0,Dante 
18.0,Ellis 
19.0,Prince 
20.0,Kane 
21.0,Luka 
22.0,Kash 
23.0,Hendrix 
24.0,Desmond 
25.0,Donovan 
26.0,Mario 
27.0,Atticus 
28.0,Cruz 
29.0,Garrett 
30.0,Hector 
31.0,Angelo 
32.0,Jeffrey 
33.0,Edwin 
34.0,Cesar 
35.0,Zayn 
36.0,Devin 
37.0,Conor 
38.0,Warren 
39.0,Odin 
40.0,Jayceon 
41.0,Romeo 
42.0,Julius 
43.0,Jaylen 
44.0,Hayes 
45.0,Kayson 
46.0,Muhammad 
47.0,Jaxton 
48.0,Joaquin 
49.0,Caiden 
50.0,Dakota 
51.0,Major 
52.0,Keegan 
53.0,Sergio 
54.0,Marshall 
55.0,Johnny 
56.0,Kade 
57.0,Edgar 
58.0,Leonel 
59.0,Ismael 
60.0,Marco 
61.0,Tyson 
62.0,Wade 
63.0,Collin 
64.0,Troy 
65.0,Nasir 
66.0,Conner 
67.0,Adonis 
68.0,Jared 
69.0,Rory 
70.0,Andy 
71.0,Jase 
72.0,Lennox 
73.0,Shane 
74.0,Malik 
75.0,Ari 
76.0,Reed 
77.0,Seth 
78.0,Clark 
79.0,Erik 
80.0,Lawson 
81.0,Trevor 
82.0,Gage 
83.0,Nico 
84.0,Malakai 
85.0,Quinn 
86.0,Cade 
87.0,Johnathan 
88.0,Sullivan 
89.0,Solomon 
90.0,Cyrus 
91.0,Fabian 
92.0,Pedro 
93.0,Frank 
94.0,Shawn 
95.0,Malcolm 
96.0,Khalil 
97.0,Nehemiah 
98.0,Dalton 
99.0,Mathias 
100.0,Jay 
101.0,Ibrahim 
102.0,Peyton 
103.0,Winston 
104.0,Kason 
105.0,Zayne 
106.0,Noel 
107.0,Princeton 
108.0,Matthias 
109.0,Gregory 
110.0,Sterling 
111.0,Dominick 
112.0,Elian 
113.0,Grady 
114.0,Russell 
115.0,Finnegan 
116.0,Ruben 
117.0,Gianni 
118.0,Porter 
119.0,Kendrick 
120.0,Leland 
121.0,Pablo 
122.0,Allen 
123.0,Hugo 
124.0,Raiden 
125.0,Kolton 
126.0,Remy 
127.0,Ezequiel 
128.0,Damon 
129.0,Emanuel 
130.0,Zaiden 
131.0,Otto 
132.0,Bowen 
133.0,Marcos 
134.0,Abram 
135.0,Kasen 
136.0,Franklin 
137.0,Royce 
138.0,Jonas 
139.0,Sage 
140.0,Philip 
141.0,Esteban 
142.0,Drake 
143.0,Kashton 
144.0,Roberto 
145.0,Harvey 
146.0,Alexis 
147.0,Kian 
148.0,Jamison 
149.0,Maximilian 
1.0,Adan 
2.0,Milan 
3.0,Phillip 
4.0,Albert 
5.0,Dax 
6.0,Mohamed 
7.0,Ronin 
8.0,Kamden 
9.0,Hank 
10.0,Memphis 
11.0,Oakley 
12.0,Augustus 
13.0,Drew 
14.0,Moises 
15.0,Armani 
16.0,Rhys 
17.0,Benson 
18.0,Jayson 
19.0,Kyson 
20.0,Braylen 
21.0,Corey 
22.0,Gunnar 
23.0,Omari 
24.0,Alonzo 
25.0,Landen 
26.0,Armando 
27.0,Derrick 
28.0,Dexter 
29.0,Enrique 
30.0,Bruce 
31.0,Nikolai 
32.0,Francis 
33.0,Rocco 
34.0,Kairo 
35.0,Royal 
36.0,Zachariah 
37.0,Arjun 
38.0,Deacon 
39.0,Skyler 
40.0,Eden 
41.0,Alijah 
42.0,Rowen 
43.0,Pierce 
44.0,Uriel 
45.0,Ronald 
46.0,Luciano 
47.0,Tate 
48.0,Frederick 
49.0,Kieran 
50.0,Lawrence 
51.0,Moses 
52.0,Rodrigo 
53.0,Brycen 
54.0,Leonidas 
55.0,Nixon 
56.0,Keith 
57.0,Chandler 
58.0,Case 
59.0,Davis 
60.0,Asa 
61.0,Darius 
62.0,Isaias 
63.0,Aden 
64.0,Jaime 
65.0,Landyn 
66.0,Raul 
67.0,Niko 
68.0,Trenton 
69.0,Apollo 
70.0,Cairo 
71.0,Izaiah 
72.0,Scott 
73.0,Dorian 
74.0,Julio 
75.0,Wilder 
76.0,Santino 
77.0,Dustin 
78.0,Donald 
79.0,Raphael 
80.0,Saul 
81.0,Taylor 
82.0,Ayaan 
83.0,Duke 
84.0,Ryland 
85.0,Tatum 
86.0,Ahmed 
87.0,Moshe 
88.0,Edison 
89.0,Emmitt 
90.0,Cannon 
91.0,Alec 
92.0,Danny 
93.0,Keaton 
94.0,Roy 
95.0,Conrad 
96.0,Roland 
97.0,Quentin 
98.0,Lewis 
99.0,Samson 
100.0,Brock 
101.0,Kylan 
102.0,Cason 
103.0,Ahmad 
104.0,Jalen 
105.0,Nikolas 
106.0,Braylon 
107.0,Kamari 
108.0,Dennis 
109.0,Callum 
110.0,Justice 
111.0,Soren 
112.0,Rayan 
113.0,Aarav 
114.0,Gerardo 
115.0,Ares 
116.0,Brendan 
117.0,Jamari 
118.0,Kaison 
119.0,Yusuf 
120.0,Issac 
121.0,Jasiah 
122.0,Callen 
123.0,Forrest 
124.0,Makai 
125.0,Crew 
126.0,Kobe 
127.0,Bo 
128.0,Julien 
129.0,Mathew 
130.0,Braden 
131.0,Johan 
132.0,Marvin 
133.0,Zaid 
134.0,Stetson 
135.0,Casey 
136.0,Ty 
137.0,Ariel 
138.0,Tony 
139.0,Zain 
140.0,Callan 
141.0,Cullen 
142.0,Sincere 
143.0,Uriah 
144.0,Dillon 
145.0,Kannon 
146.0,Colby 
147.0,Axton 
148.0,Cassius 
149.0,Quinton 
150.0,Mekhi 
151.0,Reece 
152.0,Alessandro 
1.0,Jerry 
2.0,Mauricio 
3.0,Sam 
4.0,Trey 
5.0,Mohammad 
6.0,Alberto 
7.0,Gustavo 
8.0,Arturo 
9.0,Fletcher 
10.0,Marcelo 
11.0,Abdiel 
12.0,Hamza 
13.0,Alfredo 
14.0,Chris 
15.0,Finnley 
16.0,Curtis 
17.0,Kellan 
18.0,Quincy 
19.0,Kase 
20.0,Harry 
21.0,Kyree 
22.0,Wilson 
23.0,Cayson 
24.0,Hezekiah 
25.0,Kohen 
26.0,Neil 
27.0,Mohammed 
28.0,Raylan 
29.0,Kaysen 
30.0,Lucca 
31.0,Sylas 
32.0,Mack 
33.0,Leonard 
34.0,Lionel 
35.0,Ford 
36.0,Roger 
37.0,Rex 
38.0,Alden 
39.0,Boston 
40.0,Colson 
41.0,Briggs 
42.0,Zeke 
43.0,Dariel 
44.0,Kingsley 
45.0,Valentino 
46.0,Jamir 
47.0,Salvador 
48.0,Vihaan 
49.0,Mitchell 
50.0,Lance 
51.0,Lucian 
52.0,Darren 
53.0,Jimmy 
54.0,Alvin 
55.0,Amos 
56.0,Tripp 
57.0,Zaire 
58.0,Layton 
59.0,Reese 
60.0,Casen 
61.0,Colten 
62.0,Brennan 
63.0,Korbin 
64.0,Sonny 
65.0,Bruno 
66.0,Orlando 
67.0,Devon 
68.0,Huxley 
69.0,Boone 
70.0,Maurice 
71.0,Nelson 
72.0,Douglas 
73.0,Randy 
74.0,Gary 
75.0,Lennon 
76.0,Titan 
77.0,Denver 
78.0,Jaziel 
79.0,Noe 
80.0,Jefferson 
81.0,Ricky 
82.0,Lochlan 
83.0,Rayden 
84.0,Bryant 
85.0,Langston 
86.0,Lachlan 
87.0,Clay 
88.0,Abdullah 
89.0,Lee 
90.0,Baylor 
91.0,Leandro 
92.0,Ben 
93.0,Kareem 
94.0,Layne 
95.0,Joe 
96.0,Crosby 
97.0,Deandre 
98.0,Demetrius 
99.0,Kellen 
100.0,Carl 
101.0,Jakob 
102.0,Ridge 
103.0,Bronson 
104.0,Jedidiah 
105.0,Rohan 
106.0,Larry 
107.0,Stanley 
108.0,Tomas 
109.0,Shiloh 
110.0,Thaddeus 
111.0,Watson 
112.0,Baker 
113.0,Vicente 
114.0,Koda 
115.0,Jagger 
116.0,Nathanael 
117.0,Carmelo 
118.0,Shepherd 
119.0,Graysen 
120.0,Melvin 
121.0,Ernesto 
122.0,Jamie 
123.0,Yosef 
124.0,Clyde 
125.0,Eddie 
126.0,Tristen 
127.0,Grey 
128.0,Ray 
129.0,Tommy 
130.0,Samir 
131.0,Ramon 
132.0,Santana 
133.0,Kristian 
134.0,Marcel 
135.0,Wells 
136.0,Zyaire 
137.0,Brecken 
138.0,Byron 
139.0,Otis 
140.0,Reyansh 
141.0,Axl 
142.0,Joey 
143.0,Trace 
144.0,Morgan 
145.0,Musa 
146.0,Harlan 
147.0,Enoch 
148.0,Henrik 
1.0,Kristopher 
2.0,Talon 
3.0,Rey 
4.0,Guillermo 
5.0,Houston 
6.0,Jon 
7.0,Vincenzo 
8.0,Dane 
9.0,Terry 
10.0,Azariah 
11.0,Castiel 
12.0,Kye 
13.0,Augustine 
14.0,Zechariah 
15.0,Joziah 
16.0,Kamryn 
17.0,Hassan 
18.0,Jamal 
19.0,Chaim 
20.0,Bodie 
21.0,Emery 
22.0,Branson 
23.0,Jaxtyn 
24.0,Kole 
25.0,Wayne 
26.0,Aryan 
27.0,Alonso 
28.0,Brixton 
29.0,Madden 
30.0,Allan 
31.0,Flynn 
32.0,Jaxen 
33.0,Harley 
34.0,Magnus 
35.0,Sutton 
36.0,Dash 
37.0,Anders 
38.0,Westley 
39.0,Brett 
40.0,Emory 
41.0,Felipe 
42.0,Yousef 
43.0,Jadiel 
44.0,Mordechai 
45.0,Dominik 
46.0,Junior 
47.0,Eliseo 
48.0,Fisher 
49.0,Harold 
50.0,Jaxxon 
51.0,Kamdyn 
52.0,Maximo 
53.0,Caspian 
54.0,Kelvin 
55.0,Damari 
56.0,Fox 
57.0,Trent 
58.0,Hugh 
59.0,Briar 
60.0,Franco 
61.0,Keanu 
62.0,Terrance 
63.0,Yahir 
64.0,Ameer 
65.0,Kaiser 
66.0,Thatcher 
67.0,Ishaan 
68.0,Koa 
69.0,Merrick 
70.0,Coen 
71.0,Rodney 
72.0,Brayan 
73.0,London 
74.0,Rudy 
75.0,Gordon 
76.0,Bobby 
77.0,Aron 
78.0,Marc 
79.0,Van 
80.0,Anakin 
81.0,Canaan 
82.0,Dario 
83.0,Reginald 
84.0,Westin 
85.0,Darian 
86.0,Ledger 
87.0,Leighton 
88.0,Maxton 
89.0,Tadeo 
90.0,Valentin 
91.0,Aldo 
92.0,Khalid 
93.0,Nickolas 
94.0,Toby 
95.0,Dayton 
96.0,Jacoby 
97.0,Billy 
98.0,Gatlin 
99.0,Elisha 
100.0,Jabari 
101.0,Jermaine 
102.0,Alvaro 
103.0,Marlon 
104.0,Mayson 
105.0,Blaze 
106.0,Jeffery 
107.0,Kace 
108.0,Braydon 
109.0,Achilles 
110.0,Brysen 
111.0,Saint 
112.0,Xzavier 
113.0,Aydin 
114.0,Eugene 
115.0,Adrien 
116.0,Cain 
117.0,Kylo 
118.0,Nova 
119.0,Onyx 
120.0,Arian 
121.0,Bjorn 
122.0,Jerome 
123.0,Miller 
124.0,Alfred 
125.0,Kenzo 
126.0,Kyng 
127.0,Leroy 
128.0,Maison 
129.0,Jordy 
130.0,Stefan 
131.0,Wallace 
132.0,Benicio 
133.0,Kendall 
134.0,Zayd 
135.0,Blaine 
136.0,Tristian 
137.0,Anson 
138.0,Gannon 
139.0,Jeremias 
140.0,Marley 
141.0,Ronnie 
142.0,Dangelo 
143.0,Kody 
144.0,Will 
145.0,Bentlee 
146.0,Gerald 
147.0,Salvatore 
1.0,Turner 
2.0,Chad 
3.0,Misael 
4.0,Mustafa 
5.0,Konnor 
6.0,Maxim 
7.0,Rogelio 
8.0,Zakai 
9.0,Cory 
10.0,Judson 
11.0,Brentley 
12.0,Darwin 
13.0,Louie 
14.0,Ulises 
15.0,Dakari 
16.0,Rocky 
17.0,Wesson 
18.0,Alfonso 
19.0,Payton 
20.0,Dwayne 
21.0,Juelz 
22.0,Duncan 
23.0,Keagan 
24.0,Deshawn 
25.0,Bode 
26.0,Bridger 
27.0,Skylar 
28.0,Brodie 
29.0,Landry 
30.0,Avi 
31.0,Keenan 
32.0,Reuben 
33.0,Jaxx 
34.0,Rene 
35.0,Yehuda 
36.0,Imran 
37.0,Yael 
38.0,Alexzander 
39.0,Willie 
40.0,Cristiano 
41.0,Heath 
42.0,Lyric 
43.0,Davion 
44.0,Elon 
45.0,Karsyn 
46.0,Krew 
47.0,Jairo 
48.0,Maddux 
49.0,Ephraim 
50.0,Ignacio 
51.0,Vivaan 
52.0,Aries 
53.0,Vance 
54.0,Boden 
55.0,Lyle 
56.0,Ralph 
57.0,Reign 
58.0,Camilo 
59.0,Draven 
60.0,Terrence 
61.0,Idris 
62.0,Ira 
63.0,Javion 
64.0,Jericho 
65.0,Khari 
66.0,Marcellus 
67.0,Creed 
68.0,Shepard 
69.0,Terrell 
70.0,Ahmir 
71.0,Camdyn 
72.0,Cedric 
73.0,Howard 
74.0,Jad 
75.0,Zahir 
76.0,Harper 
77.0,Justus 
78.0,Forest 
79.0,Gibson 
80.0,Zev 
81.0,Alaric 
82.0,Decker 
83.0,Ernest 
84.0,Jesiah 
85.0,Torin 
86.0,Benedict 
87.0,Bowie 
88.0,Deangelo 
89.0,Genesis 
90.0,Harlem 
91.0,Kalel 
92.0,Kylen 
93.0,Bishop 
94.0,Immanuel 
95.0,Lian 
96.0,Zavier 
97.0,Archie 
98.0,Davian 
99.0,Gus 
100.0,Kabir 
101.0,Korbyn 
102.0,Randall 
103.0,Benton 
104.0,Coleman 
105.0,Markus 
