"id","name"
,
1,"Liam"
2,"Noah"
3,"William"
4,"James"
5,"Oliver"
6,"Benjamin"
7,"Elijah"
8,"Lucas"
9,"Mason"
10,"Logan"
11,"Alexander"
12,"Ethan"
13,"Jacob"
14,"Michael"
15,"Daniel"
16,"Henry"
17,"Jackson"
18,"Sebastian"
19,"Aiden"
20,"Matthew"
21,"Samuel"
22,"David"
23,"Joseph"
24,"Carter"
25,"Owen"
26,"Wyatt"
27,"John"
28,"Jack"
29,"Luke"
30,"Jayden"
31,"Dylan"
32,"Grayson"
33,"Levi"
34,"Isaac"
35,"Gabriel"
36,"Julian"
37,"Mateo"
38,"Anthony"
39,"Jaxon"
40,"Lincoln"
41,"Joshua"
42,"Christopher"
43,"Andrew"
44,"Theodore"
45,"Caleb"
46,"Ryan"
47,"Asher"
48,"Nathan"
49,"Thomas"
50,"Leo"
51,"Isaiah"
52,"Charles"
53,"Josiah"
54,"Hudson"
55,"Christian"
56,"Hunter"
57,"Connor"
58,"Eli"
59,"Ezra"
60,"Aaron"
61,"Landon"
62,"Adrian"
63,"Jonathan"
64,"Nolan"
65,"Jeremiah"
66,"Easton"
67,"Elias"
68,"Colton"
69,"Cameron"
70,"Carson"
71,"Robert"
72,"Angel"
73,"Maverick"
74,"Nicholas"
75,"Dominic"
76,"Jaxson"
77,"Greyson"
78,"Adam"
79,"Ian"
80,"Austin"
81,"Santiago"
82,"Jordan"
83,"Cooper"
84,"Brayden"
85,"Roman"
86,"Evan"
87,"Ezekiel"
88,"Xavier"
89,"Jose"
90,"Jace"
91,"Jameson"
92,"Leonardo"
93,"Bryson"
94,"Axel"
95,"Everett"
96,"Parker"
97,"Kayden"
98,"Miles"
99,"Sawyer"
100,"Jason"
101,"Declan"
102,"Weston"
103,"Micah"
104,"Ayden"
105,"Wesley"
106,"Luca"
107,"Vincent"
108,"Damian"
109,"Zachary"
110,"Silas"
111,"Gavin"
112,"Chase"
113,"Kai"
114,"Emmett"
115,"Harrison"
116,"Nathaniel"
117,"Kingston"
118,"Cole"
119,"Tyler"
120,"Bennett"
121,"Bentley"
122,"Ryker"
123,"Tristan"
124,"Brandon"
125,"Kevin"
126,"Luis"
127,"George"
128,"Ashton"
129,"Rowan"
130,"Braxton"
131,"Ryder"
132,"Gael"
133,"Ivan"
134,"Diego"
135,"Maxwell"
136,"Max"
137,"Carlos"
138,"Kaiden"
139,"Juan"
140,"Maddox"
141,"Justin"
142,"Waylon"
143,"Calvin"
144,"Giovanni"
145,"Jonah"
146,"Abel"
147,"Jayce"
148,"Jesus"
,
1,"Amir"
2,"King"
3,"Beau"
4,"Camden"
5,"Alex"
6,"Jasper"
7,"Malachi"
8,"Brody"
9,"Jude"
10,"Blake"
11,"Emmanuel"
12,"Eric"
13,"Brooks"
14,"Elliot"
15,"Antonio"
16,"Abraham"
17,"Timothy"
18,"Finn"
19,"Rhett"
20,"Elliott"
21,"Edward"
22,"August"
23,"Xander"
24,"Alan"
25,"Dean"
26,"Lorenzo"
27,"Bryce"
28,"Karter"
29,"Victor"
30,"Milo"
31,"Miguel"
32,"Hayden"
33,"Graham"
34,"Grant"
35,"Zion"
36,"Tucker"
37,"Jesse"
38,"Zayden"
39,"Joel"
40,"Richard"
41,"Patrick"
42,"Emiliano"
43,"Avery"
44,"Nicolas"
45,"Brantley"
46,"Dawson"
47,"Myles"
48,"Matteo"
49,"River"
50,"Steven"
51,"Thiago"
52,"Zane"
53,"Matias"
54,"Judah"
55,"Messiah"
56,"Jeremy"
57,"Preston"
58,"Oscar"
59,"Kaleb"
60,"Alejandro"
61,"Marcus"
62,"Mark"
63,"Peter"
64,"Maximus"
65,"Barrett"
66,"Jax"
67,"Andres"
68,"Holden"
69,"Legend"
70,"Charlie"
71,"Knox"
72,"Kaden"
73,"Paxton"
74,"Kyrie"
75,"Kyle"
76,"Griffin"
77,"Josue"
78,"Kenneth"
79,"Beckett"
80,"Enzo"
81,"Adriel"
82,"Arthur"
83,"Felix"
84,"Bryan"
85,"Lukas"
86,"Paul"
87,"Brian"
88,"Colt"
89,"Caden"
90,"Leon"
91,"Archer"
92,"Omar"
93,"Israel"
94,"Aidan"
95,"Theo"
96,"Javier"
97,"Remington"
98,"Jaden"
99,"Bradley"
100,"Emilio"
101,"Colin"
102,"Riley"
103,"Cayden"
104,"Phoenix"
105,"Clayton"
106,"Simon"
107,"Ace"
108,"Nash"
109,"Derek"
110,"Rafael"
111,"Zander"
112,"Brady"
113,"Jorge"
114,"Jake"
115,"Louis"
116,"Damien"
117,"Karson"
118,"Walker"
119,"Maximiliano"
120,"Amari"
121,"Sean"
122,"Chance"
123,"Walter"
124,"Martin"
125,"Finley"
126,"Andre"
127,"Tobias"
128,"Cash"
129,"Corbin"
130,"Arlo"
131,"Iker"
132,"Erick"
133,"Emerson"
134,"Gunner"
135,"Cody"
136,"Stephen"
137,"Francisco"
138,"Killian"
139,"Dallas"
140,"Reid"
141,"Manuel"
142,"Lane"
143,"Atlas"
144,"Rylan"
145,"Jensen"
146,"Ronan"
147,"Beckham"
148,"Daxton"
149,"Anderson"
150,"Kameron"
151,"Raymond"
,
1,"Orion"
2,"Cristian"
3,"Tanner"
4,"Kyler"
5,"Jett"
6,"Cohen"
7,"Ricardo"
8,"Spencer"
9,"Gideon"
10,"Ali"
11,"Fernando"
12,"Jaiden"
13,"Titus"
14,"Travis"
15,"Bodhi"
16,"Eduardo"
17,"Dante"
18,"Ellis"
19,"Prince"
20,"Kane"
21,"Luka"
22,"Kash"
23,"Hendrix"
24,"Desmond"
25,"Donovan"
26,"Mario"
27,"Atticus"
28,"Cruz"
29,"Garrett"
30,"Hector"
31,"Angelo"
32,"Jeffrey"
33,"Edwin"
34,"Cesar"
35,"Zayn"
36,"Devin"
37,"Conor"
38,"Warren"
39,"Odin"
40,"Jayceon"
41,"Romeo"
42,"Julius"
43,"Jaylen"
44,"Hayes"
45,"Kayson"
46,"Muhammad"
47,"Jaxton"
48,"Joaquin"
49,"Caiden"
50,"Dakota"
51,"Major"
52,"Keegan"
53,"Sergio"
54,"Marshall"
55,"Johnny"
56,"Kade"
57,"Edgar"
58,"Leonel"
59,"Ismael"
60,"Marco"
61,"Tyson"
62,"Wade"
63,"Collin"
64,"Troy"
65,"Nasir"
66,"Conner"
67,"Adonis"
68,"Jared"
69,"Rory"
70,"Andy"
71,"Jase"
72,"Lennox"
73,"Shane"
74,"Malik"
75,"Ari"
76,"Reed"
77,"Seth"
78,"Clark"
79,"Erik"
80,"Lawson"
81,"Trevor"
82,"Gage"
83,"Nico"
84,"Malakai"
85,"Quinn"
86,"Cade"
87,"Johnathan"
88,"Sullivan"
89,"Solomon"
90,"Cyrus"
91,"Fabian"
92,"Pedro"
93,"Frank"
94,"Shawn"
95,"Malcolm"
96,"Khalil"
97,"Nehemiah"
98,"Dalton"
99,"Mathias"
100,"Jay"
101,"Ibrahim"
102,"Peyton"
103,"Winston"
104,"Kason"
105,"Zayne"
106,"Noel"
107,"Princeton"
108,"Matthias"
109,"Gregory"
110,"Sterling"
111,"Dominick"
112,"Elian"
113,"Grady"
114,"Russell"
115,"Finnegan"
116,"Ruben"
117,"Gianni"
118,"Porter"
119,"Kendrick"
120,"Leland"
121,"Pablo"
122,"Allen"
123,"Hugo"
124,"Raiden"
125,"Kolton"
126,"Remy"
127,"Ezequiel"
128,"Damon"
129,"Emanuel"
130,"Zaiden"
131,"Otto"
132,"Bowen"
133,"Marcos"
134,"Abram"
135,"Kasen"
136,"Franklin"
137,"Royce"
138,"Jonas"
139,"Sage"
140,"Philip"
141,"Esteban"
142,"Drake"
143,"Kashton"
144,"Roberto"
145,"Harvey"
146,"Alexis"
147,"Kian"
148,"Jamison"
149,"Maximilian"
,
1,"Adan"
2,"Milan"
3,"Phillip"
4,"Albert"
5,"Dax"
6,"Mohamed"
7,"Ronin"
8,"Kamden"
9,"Hank"
10,"Memphis"
11,"Oakley"
12,"Augustus"
13,"Drew"
14,"Moises"
15,"Armani"
16,"Rhys"
17,"Benson"
18,"Jayson"
19,"Kyson"
20,"Braylen"
21,"Corey"
22,"Gunnar"
23,"Omari"
24,"Alonzo"
25,"Landen"
26,"Armando"
27,"Derrick"
28,"Dexter"
29,"Enrique"
30,"Bruce"
31,"Nikolai"
32,"Francis"
33,"Rocco"
34,"Kairo"
35,"Royal"
36,"Zachariah"
37,"Arjun"
38,"Deacon"
39,"Skyler"
40,"Eden"
41,"Alijah"
42,"Rowen"
43,"Pierce"
44,"Uriel"
45,"Ronald"
46,"Luciano"
47,"Tate"
48,"Frederick"
49,"Kieran"
50,"Lawrence"
51,"Moses"
52,"Rodrigo"
53,"Brycen"
54,"Leonidas"
55,"Nixon"
56,"Keith"
57,"Chandler"
58,"Case"
59,"Davis"
60,"Asa"
61,"Darius"
62,"Isaias"
63,"Aden"
64,"Jaime"
65,"Landyn"
66,"Raul"
67,"Niko"
68,"Trenton"
69,"Apollo"
70,"Cairo"
71,"Izaiah"
72,"Scott"
73,"Dorian"
74,"Julio"
75,"Wilder"
76,"Santino"
77,"Dustin"
78,"Donald"
79,"Raphael"
80,"Saul"
81,"Taylor"
82,"Ayaan"
83,"Duke"
84,"Ryland"
85,"Tatum"
86,"Ahmed"
87,"Moshe"
88,"Edison"
89,"Emmitt"
90,"Cannon"
91,"Alec"
92,"Danny"
93,"Keaton"
94,"Roy"
95,"Conrad"
96,"Roland"
97,"Quentin"
98,"Lewis"
99,"Samson"
100,"Brock"
101,"Kylan"
102,"Cason"
103,"Ahmad"
104,"Jalen"
105,"Nikolas"
106,"Braylon"
107,"Kamari"
108,"Dennis"
109,"Callum"
110,"Justice"
111,"Soren"
112,"Rayan"
113,"Aarav"
114,"Gerardo"
115,"Ares"
116,"Brendan"
117,"Jamari"
118,"Kaison"
119,"Yusuf"
120,"Issac"
121,"Jasiah"
122,"Callen"
123,"Forrest"
124,"Makai"
125,"Crew"
126,"Kobe"
127,"Bo"
128,"Julien"
129,"Mathew"
130,"Braden"
131,"Johan"
132,"Marvin"
133,"Zaid"
134,"Stetson"
135,"Casey"
136,"Ty"
137,"Ariel"
138,"Tony"
139,"Zain"
140,"Callan"
141,"Cullen"
142,"Sincere"
143,"Uriah"
144,"Dillon"
145,"Kannon"
146,"Colby"
147,"Axton"
148,"Cassius"
149,"Quinton"
150,"Mekhi"
151,"Reece"
152,"Alessandro"
,
1,"Jerry"
2,"Mauricio"
3,"Sam"
4,"Trey"
5,"Mohammad"
6,"Alberto"
7,"Gustavo"
8,"Arturo"
9,"Fletcher"
10,"Marcelo"
11,"Abdiel"
12,"Hamza"
13,"Alfredo"
14,"Chris"
15,"Finnley"
16,"Curtis"
17,"Kellan"
18,"Quincy"
19,"Kase"
20,"Harry"
21,"Kyree"
22,"Wilson"
23,"Cayson"
24,"Hezekiah"
25,"Kohen"
26,"Neil"
27,"Mohammed"
28,"Raylan"
29,"Kaysen"
30,"Lucca"
31,"Sylas"
32,"Mack"
33,"Leonard"
34,"Lionel"
35,"Ford"
36,"Roger"
37,"Rex"
38,"Alden"
39,"Boston"
40,"Colson"
41,"Briggs"
42,"Zeke"
43,"Dariel"
44,"Kingsley"
45,"Valentino"
46,"Jamir"
47,"Salvador"
48,"Vihaan"
49,"Mitchell"
50,"Lance"
51,"Lucian"
52,"Darren"
53,"Jimmy"
54,"Alvin"
55,"Amos"
56,"Tripp"
57,"Zaire"
58,"Layton"
59,"Reese"
60,"Casen"
61,"Colten"
62,"Brennan"
63,"Korbin"
64,"Sonny"
65,"Bruno"
66,"Orlando"
67,"Devon"
68,"Huxley"
69,"Boone"
70,"Maurice"
71,"Nelson"
72,"Douglas"
73,"Randy"
74,"Gary"
75,"Lennon"
76,"Titan"
77,"Denver"
78,"Jaziel"
79,"Noe"
80,"Jefferson"
81,"Ricky"
82,"Lochlan"
83,"Rayden"
84,"Bryant"
85,"Langston"
86,"Lachlan"
87,"Clay"
88,"Abdullah"
89,"Lee"
90,"Baylor"
91,"Leandro"
92,"Ben"
93,"Kareem"
94,"Layne"
95,"Joe"
96,"Crosby"
97,"Deandre"
98,"Demetrius"
99,"Kellen"
100,"Carl"
101,"Jakob"
102,"Ridge"
103,"Bronson"
104,"Jedidiah"
105,"Rohan"
106,"Larry"
107,"Stanley"
108,"Tomas"
109,"Shiloh"
110,"Thaddeus"
111,"Watson"
112,"Baker"
113,"Vicente"
114,"Koda"
115,"Jagger"
116,"Nathanael"
117,"Carmelo"
118,"Shepherd"
119,"Graysen"
120,"Melvin"
121,"Ernesto"
122,"Jamie"
123,"Yosef"
124,"Clyde"
125,"Eddie"
126,"Tristen"
127,"Grey"
128,"Ray"
129,"Tommy"
130,"Samir"
131,"Ramon"
132,"Santana"
133,"Kristian"
134,"Marcel"
135,"Wells"
136,"Zyaire"
137,"Brecken"
138,"Byron"
139,"Otis"
140,"Reyansh"
141,"Axl"
142,"Joey"
143,"Trace"
144,"Morgan"
145,"Musa"
146,"Harlan"
147,"Enoch"
148,"Henrik"
,
1,"Kristopher"
2,"Talon"
3,"Rey"
4,"Guillermo"
5,"Houston"
6,"Jon"
7,"Vincenzo"
8,"Dane"
9,"Terry"
10,"Azariah"
11,"Castiel"
12,"Kye"
13,"Augustine"
14,"Zechariah"
15,"Joziah"
16,"Kamryn"
17,"Hassan"
18,"Jamal"
19,"Chaim"
20,"Bodie"
21,"Emery"
22,"Branson"
23,"Jaxtyn"
24,"Kole"
25,"Wayne"
26,"Aryan"
27,"Alonso"
28,"Brixton"
29,"Madden"
30,"Allan"
31,"Flynn"
32,"Jaxen"
33,"Harley"
34,"Magnus"
35,"Sutton"
36,"Dash"
37,"Anders"
38,"Westley"
39,"Brett"
40,"Emory"
41,"Felipe"
42,"Yousef"
43,"Jadiel"
44,"Mordechai"
45,"Dominik"
46,"Junior"
47,"Eliseo"
48,"Fisher"
49,"Harold"
50,"Jaxxon"
51,"Kamdyn"
52,"Maximo"
53,"Caspian"
54,"Kelvin"
55,"Damari"
56,"Fox"
57,"Trent"
58,"Hugh"
59,"Briar"
60,"Franco"
61,"Keanu"
62,"Terrance"
63,"Yahir"
64,"Ameer"
65,"Kaiser"
66,"Thatcher"
67,"Ishaan"
68,"Koa"
69,"Merrick"
70,"Coen"
71,"Rodney"
72,"Brayan"
73,"London"
74,"Rudy"
75,"Gordon"
76,"Bobby"
77,"Aron"
78,"Marc"
79,"Van"
80,"Anakin"
81,"Canaan"
82,"Dario"
83,"Reginald"
84,"Westin"
85,"Darian"
86,"Ledger"
87,"Leighton"
88,"Maxton"
89,"Tadeo"
90,"Valentin"
91,"Aldo"
92,"Khalid"
93,"Nickolas"
94,"Toby"
95,"Dayton"
96,"Jacoby"
97,"Billy"
98,"Gatlin"
99,"Elisha"
100,"Jabari"
101,"Jermaine"
102,"Alvaro"
103,"Marlon"
104,"Mayson"
105,"Blaze"
106,"Jeffery"
107,"Kace"
108,"Braydon"
109,"Achilles"
110,"Brysen"
111,"Saint"
112,"Xzavier"
113,"Aydin"
114,"Eugene"
115,"Adrien"
116,"Cain"
117,"Kylo"
118,"Nova"
119,"Onyx"
120,"Arian"
121,"Bjorn"
122,"Jerome"
123,"Miller"
124,"Alfred"
125,"Kenzo"
126,"Kyng"
127,"Leroy"
128,"Maison"
129,"Jordy"
130,"Stefan"
131,"Wallace"
132,"Benicio"
133,"Kendall"
134,"Zayd"
135,"Blaine"
136,"Tristian"
137,"Anson"
138,"Gannon"
139,"Jeremias"
140,"Marley"
141,"Ronnie"
142,"Dangelo"
143,"Kody"
144,"Will"
145,"Bentlee"
146,"Gerald"
147,"Salvatore"
,
1,"Turner"
2,"Chad"
3,"Misael"
4,"Mustafa"
5,"Konnor"
6,"Maxim"
7,"Rogelio"
8,"Zakai"
9,"Cory"
10,"Judson"
11,"Brentley"
12,"Darwin"
13,"Louie"
14,"Ulises"
15,"Dakari"
16,"Rocky"
17,"Wesson"
18,"Alfonso"
19,"Payton"
20,"Dwayne"
21,"Juelz"
22,"Duncan"
23,"Keagan"
24,"Deshawn"
25,"Bode"
26,"Bridger"
27,"Skylar"
28,"Brodie"
29,"Landry"
30,"Avi"
31,"Keenan"
32,"Reuben"
33,"Jaxx"
34,"Rene"
35,"Yehuda"
36,"Imran"
37,"Yael"
38,"Alexzander"
39,"Willie"
40,"Cristiano"
41,"Heath"
42,"Lyric"
43,"Davion"
44,"Elon"
45,"Karsyn"
46,"Krew"
47,"Jairo"
48,"Maddux"
49,"Ephraim"
50,"Ignacio"
51,"Vivaan"
52,"Aries"
53,"Vance"
54,"Boden"
55,"Lyle"
56,"Ralph"
57,"Reign"
58,"Camilo"
59,"Draven"
60,"Terrence"
61,"Idris"
62,"Ira"
63,"Javion"
64,"Jericho"
65,"Khari"
66,"Marcellus"
67,"Creed"
68,"Shepard"
69,"Terrell"
70,"Ahmir"
71,"Camdyn"
72,"Cedric"
73,"Howard"
74,"Jad"
75,"Zahir"
76,"Harper"
77,"Justus"
78,"Forest"
79,"Gibson"
80,"Zev"
81,"Alaric"
82,"Decker"
83,"Ernest"
84,"Jesiah"
85,"Torin"
86,"Benedict"
87,"Bowie"
88,"Deangelo"
89,"Genesis"
90,"Harlem"
91,"Kalel"
92,"Kylen"
93,"Bishop"
94,"Immanuel"
95,"Lian"
96,"Zavier"
97,"Archie"
98,"Davian"
99,"Gus"
100,"Kabir"
101,"Korbyn"
102,"Randall"
103,"Benton"
104,"Coleman"
105,"Markus"
